t,q1,q2,q3,q4,q5,q6,q7,ff1,ff2,ff3,ff4,ff5,ff6,ff7
0.000,0.87047,0.81346,-0.91140,2.25470,0.02992,-0.51548,-1.22491,1.7696,3.2255,0.4298,1.1594,0.0023,0.3180,0.0927
0.020,0.87046,0.81345,-0.91139,2.25468,0.02992,-0.51548,-1.22490,1.7342,3.1609,0.4212,1.1362,0.0023,0.3116,0.0909
0.040,0.87045,0.81344,-0.91137,2.25464,0.02992,-0.51547,-1.22488,1.6988,3.0964,0.4126,1.1130,0.0022,0.3053,0.0890
0.060,0.87042,0.81341,-0.91135,2.25458,0.02992,-0.51545,-1.22484,1.6634,3.0319,0.4040,1.0898,0.0022,0.2989,0.0872
0.080,0.87038,0.81338,-0.91131,2.25448,0.02991,-0.51543,-1.22479,1.6280,2.9674,0.3954,1.0666,0.0021,0.2926,0.0853
0.100,0.87034,0.81333,-0.91126,2.25436,0.02991,-0.51540,-1.22472,1.5926,2.9029,0.3868,1.0434,0.0021,0.2862,0.0835
0.120,0.87028,0.81328,-0.91120,2.25422,0.02991,-0.51537,-1.22463,1.5572,2.8384,0.3782,1.0203,0.0020,0.2798,0.0816
0.140,0.87021,0.81321,-0.91112,2.25404,0.02991,-0.51533,-1.22454,1.5218,2.7739,0.3696,0.9971,0.0020,0.2735,0.0797
0.160,0.87013,0.81314,-0.91104,2.25384,0.02991,-0.51528,-1.22442,1.4865,2.7094,0.3610,0.9739,0.0019,0.2671,0.0779
0.180,0.87004,0.81305,-0.91094,2.25362,0.02990,-0.51523,-1.22430,1.4511,2.6449,0.3524,0.9507,0.0019,0.2608,0.0760
0.200,0.86994,0.81296,-0.91084,2.25336,0.02990,-0.51517,-1.22415,1.4157,2.5804,0.3438,0.9275,0.0019,0.2544,0.0742
0.220,0.86982,0.81285,-0.91072,2.25308,0.02990,-0.51510,-1.22400,1.3803,2.5159,0.3353,0.9043,0.0018,0.2480,0.0723
0.240,0.86970,0.81274,-0.91059,2.25278,0.02989,-0.51503,-1.22382,1.3449,2.4513,0.3267,0.8811,0.0018,0.2417,0.0705
0.260,0.86957,0.81261,-0.91045,2.25244,0.02989,-0.51495,-1.22364,1.3095,2.3868,0.3181,0.8579,0.0017,0.2353,0.0686
0.280,0.86942,0.81248,-0.91030,2.25208,0.02988,-0.51486,-1.22343,1.2741,2.3223,0.3095,0.8348,0.0017,0.2290,0.0668
0.300,0.86927,0.81233,-0.91014,2.25170,0.02988,-0.51477,-1.22322,1.2387,2.2578,0.3009,0.8116,0.0016,0.2226,0.0649
0.320,0.86910,0.81218,-0.90997,2.25128,0.02987,-0.51467,-1.22298,1.2033,2.1933,0.2923,0.7884,0.0016,0.2162,0.0631
0.340,0.86893,0.81202,-0.90978,2.25084,0.02986,-0.51457,-1.22274,1.1679,2.1288,0.2837,0.7652,0.0015,0.2099,0.0612
0.360,0.86874,0.81184,-0.90959,2.25038,0.02986,-0.51446,-1.22247,1.1325,2.0643,0.2751,0.7420,0.0015,0.2035,0.0593
0.380,0.86854,0.81166,-0.90938,2.24988,0.02985,-0.51434,-1.22219,1.0971,1.9998,0.2665,0.7188,0.0014,0.1972,0.0575
0.400,0.86834,0.81146,-0.90916,2.24936,0.02984,-0.51422,-1.22190,1.0618,1.9353,0.2579,0.6956,0.0014,0.1908,0.0556
0.420,0.86812,0.81126,-0.90893,2.24882,0.02984,-0.51409,-1.22159,1.0264,1.8708,0.2493,0.6724,0.0013,0.1844,0.0538
0.440,0.86789,0.81104,-0.90869,2.24824,0.02983,-0.51395,-1.22127,0.9910,1.8063,0.2407,0.6493,0.0013,0.1781,0.0519
0.460,0.86765,0.81082,-0.90844,2.24764,0.02982,-0.51381,-1.22093,0.9556,1.7417,0.2321,0.6261,0.0013,0.1717,0.0501
0.480,0.86740,0.81058,-0.90818,2.24702,0.02981,-0.51366,-1.22058,0.9202,1.6772,0.2235,0.6029,0.0012,0.1654,0.0482
0.500,0.86713,0.81034,-0.90790,2.24636,0.02980,-0.51351,-1.22021,0.8848,1.6127,0.2149,0.5797,0.0012,0.1590,0.0464
0.520,0.86686,0.81009,-0.90762,2.24568,0.02979,-0.51335,-1.21983,0.8494,1.5482,0.2063,0.5565,0.0011,0.1526,0.0445
0.540,0.86658,0.80982,-0.90732,2.24498,0.02978,-0.51318,-1.21943,0.8140,1.4837,0.1977,0.5333,0.0011,0.1463,0.0427
0.560,0.86629,0.80955,-0.90702,2.24424,0.02977,-0.51300,-1.21902,0.7786,1.4192,0.1891,0.5101,0.0010,0.1399,0.0408
0.580,0.86598,0.80926,-0.90670,2.24348,0.02976,-0.51282,-1.21859,0.7432,1.3547,0.1805,0.4869,0.0010,0.1336,0.0389
0.600,0.86567,0.80897,-0.90637,2.24270,0.02975,-0.51264,-1.21815,0.7078,1.2902,0.1719,0.4638,0.0009,0.1272,0.0371
0.620,0.86534,0.80866,-0.90603,2.24188,0.02974,-0.51244,-1.21769,0.6724,1.2257,0.1633,0.4406,0.0009,0.1208,0.0352
0.640,0.86501,0.80835,-0.90567,2.24104,0.02973,-0.51225,-1.21722,0.6371,1.1612,0.1547,0.4174,0.0008,0.1145,0.0334
0.660,0.86466,0.80803,-0.90531,2.24018,0.02972,-0.51204,-1.21673,0.6017,1.0967,0.1461,0.3942,0.0008,0.1081,0.0315
0.680,0.86430,0.80769,-0.90494,2.23928,0.02971,-0.51183,-1.21622,0.5663,1.0321,0.1375,0.3710,0.0007,0.1018,0.0297
0.700,0.86393,0.80735,-0.90455,2.23836,0.02969,-0.51161,-1.21571,0.5309,0.9676,0.1289,0.3478,0.0007,0.0954,0.0278
0.720,0.86355,0.80699,-0.90416,2.23742,0.02968,-0.51139,-1.21517,0.4955,0.9031,0.1203,0.3246,0.0006,0.0890,0.0260
0.740,0.86316,0.80663,-0.90375,2.23644,0.02967,-0.51116,-1.21462,0.4601,0.8386,0.1118,0.3014,0.0006,0.0827,0.0241
0.760,0.86276,0.80626,-0.90333,2.23544,0.02965,-0.51092,-1.21406,0.4247,0.7741,0.1032,0.2783,0.0006,0.0763,0.0223
0.780,0.86235,0.80587,-0.90290,2.23442,0.02964,-0.51068,-1.21348,0.3893,0.7096,0.0946,0.2551,0.0005,0.0700,0.0204
0.800,0.86193,0.80548,-0.90246,2.23336,0.02962,-0.51043,-1.21289,0.3539,0.6451,0.0860,0.2319,0.0005,0.0636,0.0185
0.820,0.86150,0.80507,-0.90200,2.23228,0.02961,-0.51017,-1.21228,0.3185,0.5806,0.0774,0.2087,0.0004,0.0572,0.0167
0.840,0.86106,0.80466,-0.90154,2.23118,0.02959,-0.50991,-1.21166,0.2831,0.5161,0.0688,0.1855,0.0004,0.0509,0.0148
0.860,0.86060,0.80424,-0.90107,2.23004,0.02958,-0.50964,-1.21102,0.2477,0.4516,0.0602,0.1623,0.0003,0.0445,0.0130
0.880,0.86014,0.80380,-0.90058,2.22888,0.02956,-0.50936,-1.21037,0.2124,0.3871,0.0516,0.1391,0.0003,0.0382,0.0111
0.900,0.85966,0.80336,-0.90008,2.22770,0.02955,-0.50908,-1.20970,0.1770,0.3225,0.0430,0.1159,0.0002,0.0318,0.0093
0.920,0.85918,0.80290,-0.89957,2.22648,0.02953,-0.50879,-1.20902,0.1416,0.2580,0.0344,0.0928,0.0002,0.0254,0.0074
0.940,0.85868,0.80244,-0.89905,2.22524,0.02951,-0.50850,-1.20832,0.1062,0.1935,0.0258,0.0696,0.0001,0.0191,0.0056
0.960,0.85817,0.80197,-0.89852,2.22398,0.02950,-0.50820,-1.20760,0.0708,0.1290,0.0172,0.0464,0.0001,0.0127,0.0037
0.980,0.85766,0.80148,-0.89798,2.22268,0.02948,-0.50789,-1.20687,0.0354,0.0645,0.0086,0.0232,0.0000,0.0064,0.0019
1.000,0.85713,0.80099,-0.89743,2.22136,0.02946,-0.50758,-1.20613,0.0000,0.0000,0.0000,0.0000,0.0000,0.0000,0.0000
1.020,0.85659,0.80049,-0.89686,2.22002,0.02944,-0.50726,-1.20537,0.0000,0.0000,0.0000,0.0000,0.0000,0.0000,0.0000
1.040,0.85604,0.79997,-0.89629,2.21864,0.02942,-0.50694,-1.20460,0.0000,0.0000,0.0000,0.0000,0.0000,0.0000,0.0000
1.060,0.85548,0.79945,-0.89570,2.21724,0.02940,-0.50660,-1.20381,0.0000,0.0000,0.0000,0.0000,0.0000,0.0000,0.0000
1.080,0.85491,0.79891,-0.89510,2.21582,0.02938,-0.50627,-1.20301,0.0000,0.0000,0.0000,0.0000,0.0000,0.0000,0.0000
1.100,0.85433,0.79837,-0.89449,2.21436,0.02936,-0.50592,-1.20219,0.0000,0.0000,0.0000,0.0000,0.0000,0.0000,0.0000
1.120,0.85373,0.79782,-0.89387,2.21288,0.02934,-0.50557,-1.20136,0.0000,0.0000,0.0000,0.0000,0.0000,0.0000,0.0000
1.140,0.85313,0.79725,-0.89324,2.21138,0.02932,-0.50521,-1.20051,0.0000,0.0000,0.0000,0.0000,0.0000,0.0000,0.0000
1.160,0.85252,0.79668,-0.89260,2.20984,0.02930,-0.50485,-1.19964,0.0000,0.0000,0.0000,0.0000,0.0000,0.0000,0.0000
1.180,0.85189,0.79610,-0.89195,2.20828,0.02928,-0.50448,-1.19876,0.0000,0.0000,0.0000,0.0000,0.0000,0.0000,0.0000
1.200,0.85126,0.79550,-0.89128,2.20670,0.02926,-0.50410,-1.19787,0.0000,0.0000,0.0000,0.0000,0.0000,0.0000,0.0000
1.220,0.85061,0.79490,-0.89061,2.20508,0.02924,-0.50372,-1.19696,0.0000,0.0000,0.0000,0.0000,0.0000,0.0000,0.0000
1.240,0.84996,0.79429,-0.88992,2.20344,0.02921,-0.50333,-1.19604,0.0000,0.0000,0.0000,0.0000,0.0000,0.0000,0.0000
1.260,0.84929,0.79366,-0.88922,2.20178,0.02919,-0.50294,-1.19510,0.0000,0.0000,0.0000,0.0000,0.0000,0.0000,0.0000
1.280,0.84861,0.79303,-0.88851,2.20008,0.02917,-0.50254,-1.19415,0.0000,0.0000,0.0000,0.0000,0.0000,0.0000,0.0000
1.300,0.84792,0.79239,-0.88779,2.19836,0.02914,-0.50213,-1.19318,0.0000,0.0000,0.0000,0.0000,0.0000,0.0000,0.0000
1.320,0.84722,0.79173,-0.88706,2.19662,0.02912,-0.50172,-1.19219,0.0000,0.0000,0.0000,0.0000,0.0000,0.0000,0.0000
1.340,0.84651,0.79107,-0.88631,2.19484,0.02909,-0.50130,-1.19119,0.0000,0.0000,0.0000,0.0000,0.0000,0.0000,0.0000
1.360,0.84579,0.79040,-0.88556,2.19304,0.02907,-0.50087,-1.19018,0.0000,0.0000,0.0000,0.0000,0.0000,0.0000,0.0000
1.380,0.84506,0.78971,-0.88479,2.19122,0.02904,-0.50044,-1.18915,0.0000,0.0000,0.0000,0.0000,0.0000,0.0000,0.0000
1.400,0.84432,0.78902,-0.88402,2.18936,0.02902,-0.50000,-1.18811,0.0000,0.0000,0.0000,0.0000,0.0000,0.0000,0.0000
1.420,0.84357,0.78832,-0.88323,2.18748,0.02899,-0.49955,-1.18705,0.0000,0.0000,0.0000,0.0000,0.0000,0.0000,0.0000
1.440,0.84281,0.78760,-0.88243,2.18558,0.02897,-0.49910,-1.18598,0.0000,0.0000,0.0000,0.0000,0.0000,0.0000,0.0000
1.460,0.84203,0.78688,-0.88162,2.18364,0.02894,-0.49864,-1.18489,0.0000,0.0000,0.0000,0.0000,0.0000,0.0000,0.0000
1.480,0.84125,0.78615,-0.88080,2.18168,0.02891,-0.49818,-1.18378,0.0000,0.0000,0.0000,0.0000,0.0000,0.0000,0.0000
1.500,0.84045,0.78540,-0.87997,2.17970,0.02889,-0.49771,-1.18266,0.0000,0.0000,0.0000,0.0000,0.0000,0.0000,0.0000
1.520,0.83965,0.78466,-0.87913,2.17770,0.02886,-0.49723,-1.18154,0.0000,0.0000,0.0000,0.0000,0.0000,0.0000,0.0000
1.540,0.83885,0.78391,-0.87829,2.17570,0.02883,-0.49676,-1.18041,0.0000,0.0000,0.0000,0.0000,0.0000,0.0000,0.0000
1.560,0.83805,0.78316,-0.87745,2.17370,0.02880,-0.49628,-1.17928,0.0000,0.0000,0.0000,0.0000,0.0000,0.0000,0.0000
1.580,0.83725,0.78241,-0.87661,2.17170,0.02878,-0.49581,-1.17816,0.0000,0.0000,0.0000,0.0000,0.0000,0.0000,0.0000
1.600,0.83645,0.78166,-0.87578,2.16970,0.02875,-0.49534,-1.17703,0.0000,0.0000,0.0000,0.0000,0.0000,0.0000,0.0000
1.620,0.83565,0.78092,-0.87494,2.16770,0.02872,-0.49486,-1.17591,0.0000,0.0000,0.0000,0.0000,0.0000,0.0000,0.0000
1.640,0.83485,0.78017,-0.87410,2.16570,0.02869,-0.49439,-1.17478,0.0000,0.0000,0.0000,0.0000,0.0000,0.0000,0.0000
1.660,0.83405,0.77942,-0.87326,2.16370,0.02867,-0.49391,-1.17365,0.0000,0.0000,0.0000,0.0000,0.0000,0.0000,0.0000
1.680,0.83325,0.77867,-0.87242,2.16170,0.02864,-0.49344,-1.17253,0.0000,0.0000,0.0000,0.0000,0.0000,0.0000,0.0000
1.700,0.83245,0.77792,-0.87159,2.15970,0.02861,-0.49296,-1.17140,0.0000,0.0000,0.0000,0.0000,0.0000,0.0000,0.0000
1.720,0.83165,0.77718,-0.87075,2.15770,0.02858,-0.49249,-1.17027,0.0000,0.0000,0.0000,0.0000,0.0000,0.0000,0.0000
1.740,0.83085,0.77643,-0.86991,2.15570,0.02856,-0.49202,-1.16915,0.0000,0.0000,0.0000,0.0000,0.0000,0.0000,0.0000
1.760,0.83005,0.77568,-0.86907,2.15370,0.02853,-0.49154,-1.16802,0.0000,0.0000,0.0000,0.0000,0.0000,0.0000,0.0000
1.780,0.82924,0.77493,-0.86823,2.15170,0.02850,-0.49107,-1.16689,0.0000,0.0000,0.0000,0.0000,0.0000,0.0000,0.0000
1.800,0.82844,0.77418,-0.86739,2.14970,0.02847,-0.49059,-1.16577,0.0000,0.0000,0.0000,0.0000,0.0000,0.0000,0.0000
1.820,0.82764,0.77344,-0.86656,2.14770,0.02845,-0.49012,-1.16464,0.0000,0.0000,0.0000,0.0000,0.0000,0.0000,0.0000
1.840,0.82684,0.77269,-0.86572,2.14570,0.02842,-0.48965,-1.16351,0.0000,0.0000,0.0000,0.0000,0.0000,0.0000,0.0000
1.860,0.82604,0.77194,-0.86488,2.14370,0.02839,-0.48917,-1.16239,0.0000,0.0000,0.0000,0.0000,0.0000,0.0000,0.0000
1.880,0.82524,0.77119,-0.86404,2.14170,0.02836,-0.48870,-1.16126,0.0000,0.0000,0.0000,0.0000,0.0000,0.0000,0.0000
1.900,0.82444,0.77044,-0.86320,2.13970,0.02834,-0.48822,-1.16014,0.0000,0.0000,0.0000,0.0000,0.0000,0.0000,0.0000
1.920,0.82364,0.76969,-0.86237,2.13770,0.02831,-0.48775,-1.15901,0.0000,0.0000,0.0000,0.0000,0.0000,0.0000,0.0000
1.940,0.82284,0.76895,-0.86153,2.13570,0.02828,-0.48728,-1.15788,0.0000,0.0000,0.0000,0.0000,0.0000,0.0000,0.0000
1.960,0.82204,0.76820,-0.86069,2.13370,0.02825,-0.48680,-1.15676,0.0000,0.0000,0.0000,0.0000,0.0000,0.0000,0.0000
1.980,0.82124,0.76745,-0.85985,2.13170,0.02823,-0.48633,-1.15563,0.0000,0.0000,0.0000,0.0000,0.0000,0.0000,0.0000
2.000,0.82044,0.76670,-0.85901,2.12970,0.02820,-0.48585,-1.15450,0.0000,0.0000,0.0000,0.0000,0.0000,0.0000,0.0000
2.020,0.81964,0.76595,-0.85818,2.12770,0.02817,-0.48538,-1.15338,0.0000,0.0000,0.0000,0.0000,0.0000,0.0000,0.0000
2.040,0.81884,0.76521,-0.85734,2.12570,0.02814,-0.48491,-1.15225,0.0000,0.0000,0.0000,0.0000,0.0000,0.0000,0.0000
2.060,0.81804,0.76446,-0.85650,2.12370,0.02812,-0.48443,-1.15112,0.0000,0.0000,0.0000,0.0000,0.0000,0.0000,0.0000
2.080,0.81724,0.76371,-0.85566,2.12170,0.02809,-0.48396,-1.15000,0.0000,0.0000,0.0000,0.0000,0.0000,0.0000,0.0000
2.100,0.81644,0.76296,-0.85482,2.11970,0.02806,-0.48348,-1.14887,0.0000,0.0000,0.0000,0.0000,0.0000,0.0000,0.0000
2.120,0.81564,0.76221,-0.85398,2.11770,0.02803,-0.48301,-1.14774,0.0000,0.0000,0.0000,0.0000,0.0000,0.0000,0.0000
2.140,0.81484,0.76147,-0.85315,2.11570,0.02801,-0.48254,-1.14662,0.0000,0.0000,0.0000,0.0000,0.0000,0.0000,0.0000
2.160,0.81404,0.76072,-0.85231,2.11370,0.02798,-0.48206,-1.14549,0.0000,0.0000,0.0000,0.0000,0.0000,0.0000,0.0000
2.180,0.81323,0.75997,-0.85147,2.11170,0.02795,-0.48159,-1.14437,0.0000,0.0000,0.0000,0.0000,0.0000,0.0000,0.0000
2.200,0.81243,0.75922,-0.85063,2.10970,0.02792,-0.48111,-1.14324,0.0000,0.0000,0.0000,0.0000,0.0000,0.0000,0.0000
2.220,0.81163,0.75847,-0.84979,2.10770,0.02790,-0.48064,-1.14211,0.0000,0.0000,0.0000,0.0000,0.0000,0.0000,0.0000
2.240,0.81083,0.75773,-0.84896,2.10570,0.02787,-0.48017,-1.14099,0.0000,0.0000,0.0000,0.0000,0.0000,0.0000,0.0000
2.260,0.81003,0.75698,-0.84812,2.10370,0.02784,-0.47969,-1.13986,0.0000,0.0000,0.0000,0.0000,0.0000,0.0000,0.0000
2.280,0.80923,0.75623,-0.84728,2.10170,0.02781,-0.47922,-1.13873,0.0000,0.0000,0.0000,0.0000,0.0000,0.0000,0.0000
2.300,0.80843,0.75548,-0.84644,2.09970,0.02779,-0.47874,-1.13761,0.0000,0.0000,0.0000,0.0000,0.0000,0.0000,0.0000
2.320,0.80763,0.75473,-0.84560,2.09770,0.02776,-0.47827,-1.13648,0.0000,0.0000,0.0000,0.0000,0.0000,0.0000,0.0000
2.340,0.80683,0.75399,-0.84477,2.09570,0.02773,-0.47780,-1.13535,0.0000,0.0000,0.0000,0.0000,0.0000,0.0000,0.0000
2.360,0.80603,0.75324,-0.84393,2.09370,0.02770,-0.47732,-1.13423,0.0000,0.0000,0.0000,0.0000,0.0000,0.0000,0.0000
2.380,0.80523,0.75249,-0.84309,2.09170,0.02768,-0.47685,-1.13310,0.0000,0.0000,0.0000,0.0000,0.0000,0.0000,0.0000
2.400,0.80443,0.75174,-0.84225,2.08970,0.02765,-0.47637,-1.13197,0.0000,0.0000,0.0000,0.0000,0.0000,0.0000,0.0000
2.420,0.80363,0.75099,-0.84141,2.08770,0.02762,-0.47590,-1.13085,0.0000,0.0000,0.0000,0.0000,0.0000,0.0000,0.0000
2.440,0.80283,0.75025,-0.84057,2.08570,0.02759,-0.47543,-1.12972,0.0000,0.0000,0.0000,0.0000,0.0000,0.0000,0.0000
2.460,0.80203,0.74950,-0.83974,2.08370,0.02757,-0.47495,-1.12859,0.0000,0.0000,0.0000,0.0000,0.0000,0.0000,0.0000
2.480,0.80123,0.74875,-0.83890,2.08170,0.02754,-0.47448,-1.12747,0.0000,0.0000,0.0000,0.0000,0.0000,0.0000,0.0000
2.500,0.80043,0.74800,-0.83806,2.07970,0.02751,-0.47400,-1.12634,0.0000,0.0000,0.0000,0.0000,0.0000,0.0000,0.0000
2.520,0.79963,0.74725,-0.83722,2.07770,0.02748,-0.47353,-1.12522,0.0000,0.0000,0.0000,0.0000,0.0000,0.0000,0.0000
2.540,0.79883,0.74650,-0.83638,2.07570,0.02746,-0.47306,-1.12409,0.0000,0.0000,0.0000,0.0000,0.0000,0.0000,0.0000
2.560,0.79803,0.74576,-0.83555,2.07370,0.02743,-0.47258,-1.12296,0.0000,0.0000,0.0000,0.0000,0.0000,0.0000,0.0000
2.580,0.79722,0.74501,-0.83471,2.07170,0.02740,-0.47211,-1.12184,0.0000,0.0000,0.0000,0.0000,0.0000,0.0000,0.0000
2.600,0.79642,0.74426,-0.83387,2.06970,0.02737,-0.47163,-1.12071,0.0000,0.0000,0.0000,0.0000,0.0000,0.0000,0.0000
2.620,0.79562,0.74351,-0.83303,2.06770,0.02735,-0.47116,-1.11958,0.0000,0.0000,0.0000,0.0000,0.0000,0.0000,0.0000
2.640,0.79482,0.74276,-0.83219,2.06570,0.02732,-0.47068,-1.11846,0.0000,0.0000,0.0000,0.0000,0.0000,0.0000,0.0000
2.660,0.79402,0.74202,-0.83135,2.06370,0.02729,-0.47021,-1.11733,0.0000,0.0000,0.0000,0.0000,0.0000,0.0000,0.0000
2.680,0.79322,0.74127,-0.83052,2.06170,0.02726,-0.46974,-1.11620,0.0000,0.0000,0.0000,0.0000,0.0000,0.0000,0.0000
2.700,0.79242,0.74052,-0.82968,2.05970,0.02724,-0.46926,-1.11508,0.0000,0.0000,0.0000,0.0000,0.0000,0.0000,0.0000
2.720,0.79162,0.73977,-0.82884,2.05770,0.02721,-0.46879,-1.11395,0.0000,0.0000,0.0000,0.0000,0.0000,0.0000,0.0000
2.740,0.79082,0.73902,-0.82800,2.05570,0.02718,-0.46831,-1.11282,0.0000,0.0000,0.0000,0.0000,0.0000,0.0000,0.0000
2.760,0.79002,0.73828,-0.82716,2.05370,0.02715,-0.46784,-1.11170,0.0000,0.0000,0.0000,0.0000,0.0000,0.0000,0.0000
2.780,0.78922,0.73753,-0.82633,2.05170,0.02713,-0.46737,-1.11057,0.0000,0.0000,0.0000,0.0000,0.0000,0.0000,0.0000
2.800,0.78842,0.73678,-0.82549,2.04970,0.02710,-0.46689,-1.10945,0.0000,0.0000,0.0000,0.0000,0.0000,0.0000,0.0000
2.820,0.78762,0.73603,-0.82465,2.04770,0.02707,-0.46642,-1.10832,0.0000,0.0000,0.0000,0.0000,0.0000,0.0000,0.0000
2.840,0.78682,0.73528,-0.82381,2.04570,0.02704,-0.46594,-1.10719,0.0000,0.0000,0.0000,0.0000,0.0000,0.0000,0.0000
2.860,0.78602,0.73454,-0.82297,2.04370,0.02702,-0.46547,-1.10607,0.0000,0.0000,0.0000,0.0000,0.0000,0.0000,0.0000
2.880,0.78522,0.73379,-0.82214,2.04170,0.02699,-0.46500,-1.10494,0.0000,0.0000,0.0000,0.0000,0.0000,0.0000,0.0000
2.900,0.78442,0.73304,-0.82130,2.03970,0.02696,-0.46452,-1.10381,0.0000,0.0000,0.0000,0.0000,0.0000,0.0000,0.0000
2.920,0.78362,0.73229,-0.82046,2.03770,0.02693,-0.46405,-1.10269,0.0000,0.0000,0.0000,0.0000,0.0000,0.0000,0.0000
2.940,0.78282,0.73154,-0.81962,2.03570,0.02691,-0.46357,-1.10156,0.0000,0.0000,0.0000,0.0000,0.0000,0.0000,0.0000
2.960,0.78202,0.73080,-0.81878,2.03370,0.02688,-0.46310,-1.10043,0.0000,0.0000,0.0000,0.0000,0.0000,0.0000,0.0000
2.980,0.78121,0.73005,-0.81794,2.03170,0.02685,-0.46263,-1.09931,0.0000,0.0000,0.0000,0.0000,0.0000,0.0000,0.0000
3.000,0.78041,0.72930,-0.81711,2.02970,0.02682,-0.46215,-1.09818,0.0000,0.0000,0.0000,0.0000,0.0000,0.0000,0.0000
3.020,0.77961,0.72855,-0.81627,2.02770,0.02680,-0.46168,-1.09705,0.0000,0.0000,0.0000,0.0000,0.0000,0.0000,0.0000
3.040,0.77881,0.72780,-0.81543,2.02570,0.02677,-0.46120,-1.09593,0.0000,0.0000,0.0000,0.0000,0.0000,0.0000,0.0000
3.060,0.77801,0.72706,-0.81459,2.02370,0.02674,-0.46073,-1.09480,0.0000,0.0000,0.0000,0.0000,0.0000,0.0000,0.0000
3.080,0.77721,0.72631,-0.81375,2.02170,0.02671,-0.46026,-1.09368,0.0000,0.0000,0.0000,0.0000,0.0000,0.0000,0.0000
3.100,0.77641,0.72556,-0.81292,2.01970,0.02669,-0.45978,-1.09255,0.0000,0.0000,0.0000,0.0000,0.0000,0.0000,0.0000
3.120,0.77561,0.72481,-0.81208,2.01770,0.02666,-0.45931,-1.09142,0.0000,0.0000,0.0000,0.0000,0.0000,0.0000,0.0000
3.140,0.77481,0.72406,-0.81124,2.01570,0.02663,-0.45883,-1.09030,0.0000,0.0000,0.0000,0.0000,0.0000,0.0000,0.0000
3.160,0.77401,0.72331,-0.81040,2.01370,0.02660,-0.45836,-1.08917,0.0000,0.0000,0.0000,0.0000,0.0000,0.0000,0.0000
3.180,0.77321,0.72257,-0.80956,2.01170,0.02658,-0.45789,-1.08804,0.0000,0.0000,0.0000,0.0000,0.0000,0.0000,0.0000
3.200,0.77241,0.72182,-0.80873,2.00970,0.02655,-0.45741,-1.08692,0.0000,0.0000,0.0000,0.0000,0.0000,0.0000,0.0000
3.220,0.77161,0.72107,-0.80789,2.00770,0.02652,-0.45694,-1.08579,0.0000,0.0000,0.0000,0.0000,0.0000,0.0000,0.0000
3.240,0.77081,0.72032,-0.80705,2.00570,0.02649,-0.45646,-1.08466,0.0000,0.0000,0.0000,0.0000,0.0000,0.0000,0.0000
3.260,0.77001,0.71957,-0.80621,2.00370,0.02647,-0.45599,-1.08354,0.0000,0.0000,0.0000,0.0000,0.0000,0.0000,0.0000
3.280,0.76921,0.71883,-0.80537,2.00170,0.02644,-0.45552,-1.08241,0.0000,0.0000,0.0000,0.0000,0.0000,0.0000,0.0000
3.300,0.76841,0.71808,-0.80453,1.99970,0.02641,-0.45504,-1.08128,0.0000,0.0000,0.0000,0.0000,0.0000,0.0000,0.0000
3.320,0.76761,0.71733,-0.80370,1.99770,0.02638,-0.45457,-1.08016,0.0000,0.0000,0.0000,0.0000,0.0000,0.0000,0.0000
3.340,0.76681,0.71658,-0.80286,1.99570,0.02635,-0.45409,-1.07903,0.0000,0.0000,0.0000,0.0000,0.0000,0.0000,0.0000
3.360,0.76601,0.71583,-0.80202,1.99370,0.02633,-0.45362,-1.07791,0.0000,0.0000,0.0000,0.0000,0.0000,0.0000,0.0000
3.380,0.76521,0.71509,-0.80118,1.99170,0.02630,-0.45315,-1.07678,0.0000,0.0000,0.0000,0.0000,0.0000,0.0000,0.0000
3.400,0.76440,0.71434,-0.80034,1.98970,0.02627,-0.45267,-1.07565,0.0000,0.0000,0.0000,0.0000,0.0000,0.0000,0.0000
3.420,0.76360,0.71359,-0.79951,1.98770,0.02624,-0.45220,-1.07453,0.0000,0.0000,0.0000,0.0000,0.0000,0.0000,0.0000
3.440,0.76280,0.71284,-0.79867,1.98570,0.02622,-0.45172,-1.07340,0.0000,0.0000,0.0000,0.0000,0.0000,0.0000,0.0000
3.460,0.76200,0.71209,-0.79783,1.98370,0.02619,-0.45125,-1.07227,0.0000,0.0000,0.0000,0.0000,0.0000,0.0000,0.0000
3.480,0.76120,0.71135,-0.79699,1.98170,0.02616,-0.45077,-1.07115,0.0000,0.0000,0.0000,0.0000,0.0000,0.0000,0.0000
3.500,0.76040,0.71060,-0.79615,1.97970,0.02613,-0.45030,-1.07002,0.0000,0.0000,0.0000,0.0000,0.0000,0.0000,0.0000
3.520,0.75960,0.70985,-0.79532,1.97770,0.02611,-0.44983,-1.06889,0.0000,0.0000,0.0000,0.0000,0.0000,0.0000,0.0000
3.540,0.80960,0.75985,-0.84532,2.02770,0.07611,-0.49983,-1.11889,0.0000,0.0000,0.0000,0.0000,0.0000,0.0000,0.0000
3.560,0.85960,0.80985,-0.89532,2.07770,0.12611,-0.54983,-1.16889,0.0000,0.0000,0.0000,0.0000,0.0000,0.0000,0.0000
3.580,0.90960,0.85985,-0.94532,2.12770,0.17611,-0.59983,-1.21889,0.0000,0.0000,0.0000,0.0000,0.0000,0.0000,0.0000
3.600,0.95960,0.90985,-0.99532,2.17770,0.17702,-0.64983,-1.26889,0.0000,0.0000,0.0000,0.0000,0.0000,0.0000,0.0000
3.620,1.00960,0.95985,-1.04532,2.22770,0.17666,-0.69983,-1.31889,0.0000,0.0000,0.0000,0.0000,0.0000,0.0000,0.0000
3.640,1.05960,1.00985,-1.09532,2.27770,0.17630,-0.74983,-1.36889,0.0000,0.0000,0.0000,0.0000,0.0000,0.0000,0.0000
3.660,1.10960,1.05985,-1.14532,2.32770,0.17595,-0.79983,-1.41889,0.0000,0.0000,0.0000,0.0000,0.0000,0.0000,0.0000
3.680,1.15960,1.10985,-1.19532,2.37770,0.17559,-0.84983,-1.46889,0.0000,0.0000,0.0000,0.0000,0.0000,0.0000,0.0000
3.700,1.20960,1.15985,-1.24532,2.42770,0.17523,-0.89983,-1.51889,0.0000,0.0000,0.0000,0.0000,0.0000,0.0000,0.0000
3.720,1.25960,1.20985,-1.29532,2.47770,0.17487,-0.94983,-1.56889,0.0000,0.0000,0.0000,0.0000,0.0000,0.0000,0.0000
3.740,1.30960,1.25985,-1.34532,2.52770,0.17451,-0.99983,-1.61889,0.0000,0.0000,0.0000,0.0000,0.0000,0.0000,0.0000
3.760,1.35960,1.30985,-1.39532,2.57770,0.17415,-1.04983,-1.66889,0.0000,0.0000,0.0000,0.0000,0.0000,0.0000,0.0000
3.780,1.40960,1.35985,-1.44532,2.62770,0.17380,-1.09983,-1.71889,0.0000,0.0000,0.0000,0.0000,0.0000,0.0000,0.0000
3.800,1.45960,1.40985,-1.49532,2.67770,0.17344,-1.14983,-1.76889,0.0000,0.0000,0.0000,0.0000,0.0000,0.0000,0.0000
3.820,1.50960,1.45985,-1.54532,2.72770,0.17308,-1.19983,-1.81889,0.0000,0.0000,0.0000,0.0000,0.0000,0.0000,0.0000
3.840,1.55960,1.50985,-1.59532,2.77770,0.17273,-1.24983,-1.86889,0.0000,0.0000,0.0000,0.0000,0.0000,0.0000,0.0000
